EmployeeID,EmployeeName,Department,Location,HireDate
1,Ijaya Sen,Marketing,Nizamabad,2024-07-05
2,Hiral Badami,Sales,Miryalaguda,2022-09-03
3,Alexander Bedi,Sales,Ambala,2023-05-13
4,Mitesh Chauhan,IT,Bhagalpur,2026-02-23
5,Varenya Konda,Sales,Panchkula,2023-03-27
6,Panini Gill,Operations,Solapur,2024-12-18
7,Yashoda Virk,Finance,Bharatpur,2026-05-06
8,Hemani Narula,IT,Ambarnath,2023-03-16
9,Omisha Bhattacharyya,IT,Shimla,2026-05-24
10,Vincent Chaudhari,HR,Kirari Suleman Nagar,2025-11-20
11,Rudra Lal,Customer Support,Guna,2023-02-08
12,Kavya Singh,Customer Support,Bidar,2024-03-18
13,Daksha Lanka,Operations,Rourkela,2022-12-26
14,Yatin Ahuja,HR,Pallavaram,2022-11-26
15,Warinder Kumer,IT,Kozhikode,2022-08-04
16,Nidhi Bedi,HR,Madhyamgram,2024-01-28
17,Lohit Verma,Customer Support,Sangli-Miraj & Kupwad,2025-04-09
18,Nathaniel Vora,Customer Support,Muzaffarnagar,2023-04-04
19,Odika Choudhary,Sales,Naihati,2025-06-27
20,Lucky Deep,Sales,Salem,2023-08-06
21,Mitali Borde,IT,Patna,2024-09-09
22,Nisha Bakshi,Marketing,Proddatur,2023-11-13
23,Anthony Iyer,Customer Support,Saharanpur,2023-12-18
24,Bishakha Kale,Finance,Alappuzha,2022-06-09
25,Tamanna Bahri,IT,Raurkela Industrial Township,2023-07-24
26,Laban Ratti,HR,South Dumdum,2023-06-19
27,Krisha Khurana,Finance,Junagadh,2021-12-18
28,Qadim Singh,Marketing,Raipur,2026-05-15
29,Benjamin Ray,Operations,Ludhiana,2025-04-18
30,Harinakshi Goda,Finance,Durgapur,2021-08-03
31,Shivani Sibal,IT,Naihati,2024-11-18
32,Warhi Sur,Operations,Kadapa,2025-08-04
33,Faraj Jain,Customer Support,Moradabad,2022-02-07
34,Yashawini Vyas,IT,Nizamabad,2023-10-04
35,Tanish Mishra,HR,Tenali,2026-02-06
36,Dalaja Pandey,IT,Saharanpur,2025-11-24
37,Jhalak Rai,Sales,Kamarhati,2022-06-06
38,Nandini Kulkarni,Customer Support,Srinagar,2025-07-28
39,Qasim Lall,Operations,Karaikudi,2021-09-15
40,Darsh Doctor,Finance,Amravati,2026-05-17
41,Vritti Loyal,Operations,Dhule,2025-05-13
42,Geetika Sawhney,HR,Bidar,2026-04-27
43,Pranit Hans,Sales,Sangli-Miraj & Kupwad,2025-04-08
44,Frederick Nazareth,Sales,Durgapur,2024-02-09
45,Sneha Vasa,Operations,Aizawl,2023-04-23
46,Daniel Sachar,Operations,Warangal,2022-04-04
47,Varsha Deshmukh,Marketing,Bihar Sharif,2021-11-19
48,Liam Suri,Finance,Amaravati,2022-11-13
49,Jairaj Choudhury,Operations,Allahabad,2022-01-05
50,Tejas Barman,HR,Korba,2022-08-02
51,Kevin Soni,Operations,Ratlam,2025-07-24
52,Gunbir Dasgupta,Operations,Karaikudi,2023-06-14
53,Falguni Dua,HR,Bikaner,2022-03-13
54,Omya Verma,Sales,Bhatpara,2022-08-11
55,Vidhi Tak,Customer Support,Moradabad,2022-05-18
56,Manthan Mammen,Sales,Dindigul,2023-02-24
57,Christopher Seshadri,Marketing,Jalandhar,2025-08-29
58,Aadhya Chandra,Customer Support,Madurai,2022-12-15
59,Yashodhara Tella,Customer Support,Katihar,2025-01-17
60,Gayathri Misra,Sales,Indore,2023-04-13
61,Indira Saran,Finance,Nanded,2024-12-13
62,Advik Saxena,IT,Kota,2026-04-24
63,Laksh Sood,Customer Support,Korba,2022-10-13
64,Ishwar Yohannan,Customer Support,Motihari,2025-07-31
65,Daksh Dayal,Marketing,Kamarhati,2022-02-02
66,Gunbir Sethi,HR,Eluru,2023-10-02
67,Faraj Bawa,Sales,Srikakulam,2022-06-17
68,Vasudha Hayre,Operations,Morena,2026-04-23
69,Nirja Viswanathan,Finance,Surendranagar Dudhrej,2024-07-28
70,Warda Kapadia,Marketing,Baranagar,2026-03-17
71,Maya Sundaram,Finance,Amritsar,2022-02-14
72,Bhavna Sidhu,IT,Nadiad,2023-11-18
73,Rushil Upadhyay,Sales,Firozabad,2022-05-31
74,Lucky Morar,Customer Support,Vijayanagaram,2022-06-12
75,Laksh Madan,Customer Support,Kumbakonam,2026-01-13
76,Henry Nagarajan,Marketing,Panihati,2023-09-08
77,Jai Kari,IT,Malegaon,2022-04-28
78,Dev Walla,HR,Satara,2022-01-06
79,Janaki Sinha,Operations,Chinsurah,2022-09-21
80,Henry Chopra,HR,Kakinada,2022-06-02
81,Ganga Pai,Marketing,Karawal Nagar,2025-06-28
82,Raghav Chopra,IT,Orai,2022-01-14
83,Mitesh Tata,Sales,Bhatpara,2021-09-15
84,Zayyan Chopra,Finance,Patna,2025-01-18
85,Anya Koshy,HR,Satara,2022-05-01
86,Rohan Nadig,Sales,Gangtok,2021-06-25
87,Kevin Maharaj,Sales,Madanapalle,2021-08-01
88,Brinda Sen,Finance,Guwahati,2024-04-28
89,Bhanumati Mane,Marketing,Vijayanagaram,2021-07-17
90,Oeshi Rajan,HR,Patna,2025-11-17
91,Gayathri Mistry,Marketing,Bulandshahr,2024-09-06
92,Nikita Bali,Sales,Tiruppur,2026-01-10
93,Zaitra Parikh,Operations,Ambala,2024-10-16
94,Chavvi Oak,Finance,Raiganj,2022-11-16
95,Oliver Chokshi,Finance,Jalandhar,2025-03-07
96,Nachiket Puri,Finance,Sangli-Miraj & Kupwad,2024-04-17
97,Azaan Arya,Operations,Sambalpur,2022-10-31
98,Nitara Date,Customer Support,Mumbai,2025-01-04
99,Varenya Memon,HR,Pali,2021-10-16
100,Chavvi Varghese,HR,Amaravati,2022-12-29
101,Frado Thaker,IT,Muzaffarpur,2021-11-03
102,Udant Randhawa,HR,Karimnagar,2022-05-09
103,Ikbal Dayal,Sales,Raebareli,2025-08-18
104,Ryan Nadig,Customer Support,Ranchi,2023-11-15
105,Madhavi Sha,Marketing,Saharanpur,2022-05-28
106,Adweta Pal,Customer Support,North Dumdum,2024-04-28
107,Madhavi Wali,Finance,Gulbarga,2023-08-12
108,Balhaar Dave,Customer Support,Bidhannagar,2025-03-31
109,Faraj Pillay,IT,Morbi,2026-04-02
110,Jeremiah Dhawan,IT,Giridih,2025-07-03
111,Veda Karnik,Finance,Rewa,2025-03-19
112,Ishani Parikh,Sales,Anand,2023-10-29
113,Harini Bose,Sales,Ramagundam,2026-04-16
114,Bina Deo,Sales,Uluberia,2024-11-03
115,Lopa Grewal,Marketing,Bhalswa Jahangir Pur,2026-04-15
116,Ira Dhar,IT,Sangli-Miraj & Kupwad,2022-03-10
117,Hritik Bhardwaj,Finance,Amroha,2026-01-19
118,Yahvi Sura,HR,Silchar,2025-11-26
119,Nihal Nigam,Customer Support,Imphal,2023-04-02
120,Hiral Ahuja,Marketing,Gandhinagar,2021-06-13
121,Gopal Pai,Finance,Yamunanagar,2023-02-27
122,Harita Mistry,HR,Bidhannagar,2022-07-12
123,Chakradhar Sengupta,IT,Kharagpur,2021-08-22
124,Jeremiah Chander,Operations,Kollam,2026-03-15
125,Ridhi Mangat,Finance,Ludhiana,2025-10-03
126,Ridhi Goswami,Sales,Kakinada,2025-06-04
127,Jackson Guha,Customer Support,Fatehpur,2026-03-27
128,Aradhana Munshi,Marketing,Thoothukudi,2023-12-23
129,Ranbir Wali,Operations,Tirunelveli,2025-03-22
130,Chanchal Mahajan,Customer Support,Machilipatnam,2023-05-05
131,Anita Manda,Marketing,Ulhasnagar,2022-10-06
132,Ranbir Kannan,Operations,Bokaro,2024-01-22
133,Yoshita Desai,Sales,Panvel,2025-08-24
134,Harsh Yohannan,Marketing,Rewa,2021-11-17
135,Lakshit Tata,HR,Latur,2023-03-07
136,Omisha Deshpande,Sales,Suryapet,2023-09-30
137,Avi Narula,HR,Guntur,2023-11-06
138,Girik Bhalla,Operations,Jalgaon,2022-08-13
139,Kalpit Mani,Finance,Howrah,2023-03-05
140,Sara Banik,IT,Gaya,2026-02-16
141,Chakrika Bora,Sales,Barasat,2024-09-28
142,Gaurangi Balay,IT,Proddatur,2025-06-03
143,Karan Radhakrishnan,Customer Support,Surendranagar Dudhrej,2023-05-22
144,Eshana Chana,Customer Support,Kota,2021-08-09
145,Amaira Rajagopal,HR,Ghaziabad,2023-07-14
146,Anay Loyal,Operations,Vellore,2025-06-13
147,Jai Wali,Marketing,Belgaum,2023-05-17
148,Anmol Ganesan,Marketing,Jamnagar,2025-11-22
149,Pooja Sehgal,Operations,Jaipur,2024-09-11
150,Isaac Lala,HR,Narasaraopet,2022-11-04
151,Lucky Suri,IT,Saharanpur,2024-07-29
152,Sara Trivedi,Finance,Anand,2024-11-28
153,Forum Bava,Operations,Alappuzha,2021-10-22
154,Ekavir Bala,Customer Support,Warangal,2025-04-10
155,Chandresh Bava,Customer Support,Erode,2021-12-09
156,Harrison Joshi,Customer Support,Tirupati,2024-05-26
157,Zashil Solanki,HR,Kolkata,2025-06-10
158,Indali Chahal,Sales,Tumkur,2023-05-30
159,Ayaan Dutta,Customer Support,Mahbubnagar,2024-10-31
160,Gaurang Kala,Customer Support,Dhanbad,2023-09-15
161,Laksh Nagi,Finance,Mysore,2023-11-16
162,Anya Balan,Operations,Purnia,2021-11-21
163,Divya Pandit,Finance,Nanded,2025-09-26
164,Brinda Sundaram,Operations,Bhilai,2021-08-27
165,Krisha Som,IT,Dindigul,2025-11-18
166,Lajita Banerjee,HR,Ulhasnagar,2025-02-17
167,Amaira Thaker,Marketing,Gwalior,2022-01-27
168,Rohan Saini,Finance,Patna,2021-07-13
169,Quincy Bhatti,Sales,Nellore,2022-03-22
170,Mitesh Kibe,Customer Support,Srikakulam,2026-03-04
171,Samarth Anne,Operations,Panipat,2026-03-20
172,Yashvi Parmar,Operations,Kakinada,2025-01-22
173,Ayushman Srivastava,IT,Kadapa,2023-10-14
174,Amol Dani,IT,Hajipur,2021-06-08
175,Varenya Bobal,Customer Support,Agra,2025-03-30
176,Anya Balay,Finance,Ambala,2022-03-17
177,Arjun Randhawa,Sales,Ichalkaranji,2022-03-10
178,Zinal Rajagopal,Operations,Bulandshahr,2023-01-16
179,Fitan Krishnamurthy,HR,Guwahati,2024-07-24
180,Tanveer Dhaliwal,IT,Panchkula,2023-06-21
181,Eesha Seth,Customer Support,Akola,2024-04-06
182,Yatin Swaminathan,Marketing,Jehanabad,2024-05-10
183,Abha Naidu,Marketing,Pali,2022-01-22
184,Frado Sinha,Operations,Vadodara,2021-07-10
185,Chasmum Madan,IT,Ajmer,2024-05-04
186,Simon Chakraborty,IT,Haridwar,2021-10-14
187,Pooja Mann,HR,Aurangabad,2024-07-14
188,Chaitanya Kapur,HR,Pune,2025-05-12
189,Kashish Batra,Marketing,Sasaram,2022-10-14
190,Baghyawati Contractor,IT,Lucknow,2025-10-22
191,Anita Pillay,Operations,Thanjavur,2023-06-23
192,Abhiram Rajagopal,Operations,Agartala,2023-09-18
193,Falan Narayan,Operations,Purnia,2022-04-16
194,Qarin Mutti,Sales,Khandwa,2023-04-01
195,Vrinda Sabharwal,Finance,Aizawl,2024-09-23
196,Kevin Grover,IT,Rajahmundry,2024-08-25
197,Aryan Chaudhuri,IT,Kolhapur,2023-09-26
198,Quincy Andra,HR,Ghaziabad,2022-09-17
199,Deepa Nath,Marketing,Jaunpur,2024-08-11
200,Advika Ravi,Operations,Vadodara,2021-08-02
201,Dalbir Chand,Sales,Sikar,2024-11-02
202,Jack Bajwa,Sales,Jamalpur,2025-08-28
203,Damini Jha,IT,Silchar,2023-01-21
204,Varsha Kapadia,Finance,Mirzapur,2025-07-08
205,Frado Saran,Operations,Bhiwandi,2024-04-09
206,Vedika Sehgal,Sales,Panipat,2022-07-21
207,Wyatt Muni,Marketing,Gurgaon,2022-12-28
208,Xavier Wason,Finance,Lucknow,2021-10-05
209,Lila Peri,HR,Nellore,2023-06-08
210,Ganga Dhar,Operations,Vellore,2023-12-16
211,Udant Bhatti,Customer Support,Jodhpur,2022-05-27
212,Pooja Ravel,Marketing,Warangal,2026-01-15
213,Pratyush Naidu,IT,Kottayam,2025-05-16
214,Jeremiah Chaudhry,IT,Ozhukarai,2026-05-02
215,Ranbir Murthy,Marketing,Junagadh,2023-10-08
216,Isaiah Amble,Finance,Bhagalpur,2023-05-14
217,Yashica Misra,HR,Bokaro,2025-04-12
218,Inaya Garde,Finance,Siliguri,2023-08-16
219,Rayaan Gokhale,HR,Guwahati,2024-10-13
220,Kavya Prashad,Customer Support,Kadapa,2023-10-10
221,Atharv Sant,Finance,Sri Ganganagar,2021-11-23
222,Indrajit Amble,Marketing,Surat,2023-05-22
223,Amara Bumb,Finance,Avadi,2023-11-06
224,Nidra Kaur,Sales,Coimbatore,2025-05-10
225,Zarna Soman,IT,Vijayanagaram,2025-12-07
226,Ayaan Kadakia,Finance,Purnia,2025-05-26
227,Janani Banik,HR,Coimbatore,2025-06-07
228,Gagan Bakshi,Customer Support,Chandigarh,2024-06-13
229,Falan Narasimhan,Operations,Warangal,2022-01-13
230,Darsh Lall,IT,Jammu,2025-06-03
231,Tanish Khurana,HR,Udupi,2023-03-25
232,Ishita Date,IT,Saharanpur,2021-06-30
233,Janya Anand,Finance,Bahraich,2025-05-12
234,Lajita Srinivas,Marketing,Secunderabad,2021-12-08
235,Forum Contractor,Marketing,Bhubaneswar,2026-05-15
236,Elijah Garg,Operations,Bidhannagar,2022-09-05
237,Harita Pal,Finance,Cuttack,2025-09-17
238,Mitali Mallick,Marketing,Tumkur,2025-06-30
239,Devansh Comar,IT,Narasaraopet,2023-02-11
240,Vihaan Savant,HR,Maheshtala,2025-04-27
241,Girik Mall,Sales,Ghaziabad,2025-08-02
242,Oviya Tella,Operations,Udaipur,2025-12-01
243,Dipta Butala,Marketing,Phusro,2022-05-01
244,Balveer Jaggi,Sales,Saharsa,2025-10-12
245,Reva Dhillon,Finance,Rourkela,2024-02-05
246,Bhavani Hora,IT,Gopalpur,2023-05-08
247,Yauvani Kata,HR,Dewas,2021-12-29
248,Brinda Mani,HR,Suryapet,2024-08-14
249,Upkaar Singhal,Marketing,Panchkula,2022-05-10
250,Ranbir Bhagat,IT,Haldia,2022-05-11
251,Ekani Bhat,Operations,Loni,2024-03-31
252,Max Dubey,Operations,Sirsa,2022-12-22
253,Nicholas Sharaf,HR,Indore,2021-09-03
254,Naksh Chandra,HR,Davanagere,2023-01-25
255,Bachittar Madan,Marketing,Jaipur,2024-06-21
256,Pranit Balakrishnan,Customer Support,Amaravati,2021-08-15
257,Yamini Tara,Customer Support,Delhi,2025-08-08
258,Meghana Bhardwaj,Customer Support,Purnia,2026-03-31
259,Warinder Date,Marketing,Kolkata,2023-06-19
260,Hemani Sridhar,Customer Support,Indore,2022-02-27
261,Dalbir Sant,Customer Support,Kulti,2024-11-30
262,Udyati Borde,IT,Ambattur,2022-11-22
263,Brinda Bath,Sales,Bathinda,2023-06-19
264,Wazir Tiwari,IT,Uluberia,2021-10-10
265,Alexander Comar,Sales,Bokaro,2024-02-07
266,Patrick Narain,Marketing,Kakinada,2025-11-24
267,Azaan Bali,Finance,Ludhiana,2025-06-23
268,Ekansh Deshpande,Finance,Ambattur,2021-06-27
269,Neel Rastogi,Finance,Gulbarga,2025-07-27
270,Samaksh Gera,HR,Gaya,2026-02-05
271,Gagan Ganguly,Finance,Lucknow,2026-05-20
272,Udant Dube,IT,South Dumdum,2026-04-09
273,Ishwar Sura,Finance,Muzaffarpur,2025-08-09
274,Neha Patla,Finance,Raipur,2025-11-23
275,Jasmit Dutta,Customer Support,Akola,2024-05-31
276,Qarin Majumdar,Marketing,Giridih,2022-07-07
277,Eesha Soman,Sales,Rajpur Sonarpur,2022-01-23
278,Anya Char,IT,Ozhukarai,2024-05-31
279,Ryan Chaudhary,Sales,Jaunpur,2025-05-19
280,Gopal Johal,Marketing,Baranagar,2024-12-28
281,Hemang Suresh,Marketing,Naihati,2023-06-04
282,Baghyawati Singhal,Sales,Gandhidham,2022-02-27
283,Anthony Dora,HR,Dharmavaram,2024-01-12
284,Amrita Sangha,HR,Sambhal,2022-10-02
285,Krisha Chand,Finance,Anand,2024-09-11
286,Niharika Gara,IT,Pondicherry,2024-04-09
287,Ojasvi Walia,Operations,Hyderabad,2021-07-14
288,Yug Behl,HR,Satara,2021-10-24
289,Ria Bali,Sales,Bikaner,2022-06-13
290,Yoshita Sunder,Sales,Satara,2022-07-06
291,Omisha Mammen,Sales,Chennai,2024-04-13
292,Krish Brar,Marketing,Vasai-Virar,2023-05-04
293,Ridhi Maharaj,Operations,Muzaffarpur,2024-04-17
294,Saanvi Randhawa,IT,Mirzapur,2022-06-25
295,Abha Batra,Marketing,Siliguri,2023-12-10
296,Baljiwan Ganguly,HR,Ujjain,2023-04-30
297,David Lalla,Marketing,Medininagar,2022-02-04
298,Chaitaly Biswas,Operations,Gwalior,2024-11-22
299,Isha Prabhakar,HR,Agartala,2025-09-24
300,Pranav Radhakrishnan,IT,Panvel,2025-08-05
301,Hemal Johal,Finance,Jalandhar,2025-10-10
302,Devansh Kar,Marketing,New Delhi,2023-05-18
303,Ishwar Kothari,Sales,Thane,2025-11-08
304,Darika Dayal,Marketing,North Dumdum,2023-08-30
305,Daniel Badami,Customer Support,Thrissur,2023-12-03
306,Gopal Nagi,Sales,Kumbakonam,2024-03-05
307,Oni Karnik,Marketing,Sri Ganganagar,2022-01-26
308,Ayushman Wason,HR,Shahjahanpur,2023-10-31
309,Chavvi Sharaf,IT,Bhusawal,2024-03-30
310,Krishna Mandal,IT,Varanasi,2021-10-06
311,Quincy Warrior,Marketing,South Dumdum,2024-08-07
312,Utkarsh Bhardwaj,Marketing,Ambala,2021-08-08
313,Robert Kala,HR,Patna,2024-04-11
314,Ekalinga Kaul,Marketing,Dehri,2022-07-04
315,Balveer Raj,Finance,Jalgaon,2023-02-10
316,Jeet Sankar,IT,Amritsar,2024-07-27
317,Fitan Biswas,Finance,Gandhinagar,2021-12-07
318,Gautam Sharaf,Marketing,Dindigul,2025-08-07
319,Teerth Tak,Finance,Mumbai,2023-02-15
320,Amol Vasa,Sales,Thiruvananthapuram,2024-04-02
321,Turvi More,HR,Anantapur,2022-03-24
322,Mitali Shere,HR,Pondicherry,2023-07-27
323,Oni Kade,Marketing,Hyderabad,2023-08-24
324,Chanchal Nagarajan,Marketing,Guna,2023-09-28
325,Kamala Kumar,Finance,Hajipur,2023-10-26
326,Nandini Bhardwaj,IT,Malda,2025-07-05
327,Nachiket Prashad,Sales,Mysore,2022-09-26
328,Ekavir Shroff,Marketing,Muzaffarpur,2026-01-22
329,Harini Basu,Finance,Rourkela,2023-08-04
330,Michael Chacko,Operations,Bhusawal,2025-11-29
331,Aarini Pandey,IT,Bhiwandi,2021-12-10
332,Onveer Vig,Sales,Kavali,2026-03-23
333,Veer Nayar,Customer Support,Nagpur,2023-10-28
334,Ishita Garg,Sales,Bhilai,2024-04-20
335,Zinal Srinivasan,Operations,Jehanabad,2024-07-15
336,Naksh Chacko,Marketing,Latur,2024-12-25
337,Radhika Nagar,Marketing,Jaipur,2025-06-09
338,Isaac Mann,IT,Ambattur,2025-05-21
339,Matthew Nadig,Customer Support,Ambala,2024-04-07
340,Faris Chandran,HR,Gwalior,2025-02-13
341,Krishna Ravi,IT,Ongole,2022-02-05
342,David Sachar,IT,Siliguri,2024-05-01
343,Bishakha Shenoy,Sales,Nanded,2024-05-21
344,Christopher Vaidya,Operations,Vadodara,2026-02-15
345,Umang Korpal,Operations,Amaravati,2024-06-24
346,Fiyaz Prabhakar,Finance,Haldia,2024-12-22
347,Vyanjana Deep,Finance,Tadipatri,2023-03-20
348,Jeremiah Naidu,Marketing,Sambalpur,2023-11-14
349,Ayaan Mutti,Finance,Jodhpur,2024-03-03
350,Tanay Shroff,Marketing,Hajipur,2021-12-12
351,Janani Krishnan,HR,Ongole,2023-06-18
352,Anya Bhavsar,HR,Durg,2021-06-19
353,Lekha Dhaliwal,Finance,Fatehpur,2024-09-13
354,Oni Banik,Finance,Vijayawada,2022-03-12
355,Dalaja Chhabra,Sales,Hajipur,2023-11-13
356,Yashoda Rao,Sales,Bhatpara,2026-03-04
357,Maya Tiwari,Operations,Ozhukarai,2025-04-09
358,Bhavika Ray,Customer Support,Bilaspur,2023-11-17
359,Vansha Sidhu,Operations,Akola,2024-04-16
360,Prisha Mital,Customer Support,Danapur,2021-09-02
361,Vaishnavi Pandit,Operations,Pallavaram,2025-02-23
362,Jasmit Dua,HR,Sasaram,2025-06-09
363,Upasna Lad,Customer Support,Satara,2025-12-27
364,Yatin Malhotra,HR,Bharatpur,2022-01-01
365,Chavvi Lala,HR,Katni,2025-03-26
366,Ekbal Madan,Customer Support,Asansol,2023-04-24
367,Lekha Bhatnagar,Marketing,New Delhi,2022-06-28
368,Bakhshi Dasgupta,Customer Support,Dibrugarh,2025-07-23
369,Ekansh Magar,Sales,Etawah,2024-04-04
370,Jalsa Bhatnagar,Sales,Anantapuram,2022-02-22
371,Anirudh Bajwa,Sales,Kurnool,2025-01-20
372,Aadhya Saini,Finance,Hazaribagh,2022-10-14
373,Omkaar Magar,Operations,Kirari Suleman Nagar,2023-12-03
374,Upasna Ben,Marketing,Shimla,2022-04-24
375,Ekalinga Chana,Operations,Satna,2022-11-27
376,Jagvi Naidu,Sales,Malegaon,2024-11-04
377,Chameli Mahal,Sales,Pudukkottai,2024-12-17
378,Jagat Kalita,Marketing,Meerut,2026-01-23
379,Sai Bhasin,IT,Gandhinagar,2025-07-21
380,Tarak Kulkarni,Sales,Nizamabad,2026-03-04
381,Anmol Vaidya,HR,Proddatur,2024-02-19
382,Dakshesh Sangha,Finance,Motihari,2021-06-30
383,Yatin Dhar,HR,Chittoor,2023-08-24
384,Lekha Keer,HR,Dharmavaram,2023-03-18
385,Aadhya Biswas,Marketing,Jamshedpur,2025-08-02
386,Frederick Khanna,IT,Ranchi,2022-10-16
387,Janaki More,Customer Support,Parbhani,2021-11-25
388,Pallavi Warrior,Sales,Mau,2025-04-01
389,Darika Kannan,Customer Support,Sambhal,2024-10-05
390,Chaaya Thakur,Marketing,Anantapur,2022-11-20
391,Ishani Atwal,Sales,Rampur,2024-10-14
392,Faqid Varkey,Sales,Thiruvananthapuram,2025-05-10
393,Pranit Morar,Marketing,Kolhapur,2023-06-20
394,Dalbir Sibal,Customer Support,Raurkela Industrial Township,2022-09-27
395,Charan Manda,Marketing,Singrauli,2022-10-03
396,Avi Goyal,HR,Jodhpur,2025-06-06
397,Mahika Gaba,Operations,Coimbatore,2025-09-08
398,Siddharth Brar,Sales,Narasaraopet,2026-02-18
399,Reyansh Gopal,Marketing,Gandhidham,2023-11-17
400,Zashil Nigam,HR,Proddatur,2024-06-10
401,Darsh Pal,Operations,Bareilly,2022-05-07
402,Liam Narula,Marketing,Khammam,2021-06-24
403,Damyanti Patla,Marketing,Hazaribagh,2024-06-18
404,Zarna Ganguly,HR,Karawal Nagar,2023-04-11
405,Daksh Bal,IT,Sirsa,2024-04-21
406,Max Nori,HR,Indore,2021-10-07
407,Henry Sridhar,HR,Anand,2022-10-11
408,Pranav Misra,Finance,Burhanpur,2023-06-11
409,Ucchal Shetty,Sales,Pudukkottai,2025-02-13
410,Lipika Varty,Finance,Howrah,2024-11-10
411,Ishita Tata,Customer Support,Hyderabad,2021-08-11
412,Hitesh Kota,Operations,Bhilai,2023-01-18
413,Bimala Minhas,Sales,Shahjahanpur,2024-09-14
414,Tanay Deshpande,Marketing,Panvel,2022-11-22
415,Deepa Solanki,HR,Jaipur,2024-04-11
416,Leena Mishra,Customer Support,Kamarhati,2021-08-19
417,Vamakshi Mangat,Finance,Vasai-Virar,2023-08-13
418,Anamika Barad,Marketing,Raichur,2024-10-07
419,Anirudh Choudhary,Finance,Karawal Nagar,2022-07-21
420,Zaid Muni,Marketing,Thrissur,2022-03-14
421,Elijah Wason,HR,Bhiwani,2025-09-03
422,Vihaan Deo,Marketing,Raipur,2025-03-26
423,Ekansh Dora,IT,Bareilly,2023-06-14
424,Frederick Palan,HR,Ballia,2025-11-23
425,Vidhi Wason,HR,Miryalaguda,2025-01-16
426,Samarth Mani,Marketing,Sri Ganganagar,2022-08-25
427,Omya Kapur,Marketing,Vasai-Virar,2025-02-23
428,Laksh Sankaran,IT,Siwan,2023-07-21
429,Rachit Mammen,Marketing,Chandigarh,2023-06-21
430,Chaitaly Thaman,Marketing,Avadi,2024-07-09
431,Orinder Varghese,IT,Panchkula,2025-09-13
432,Frado Sachar,Operations,Madhyamgram,2024-02-24
433,Jasmit Bhagat,Operations,Muzaffarnagar,2024-11-30
434,Ayaan Batta,Operations,Raurkela Industrial Township,2024-02-07
435,Aayush Goel,Customer Support,Karimnagar,2021-09-28
436,George Koshy,Sales,Bikaner,2025-09-10
437,Zaid Dey,Operations,Shahjahanpur,2023-12-19
438,Mekhala Sinha,Finance,Kolkata,2025-04-24
439,Viraj Keer,HR,Dharmavaram,2025-01-18
440,Yatan Shetty,Marketing,Alwar,2023-10-13
441,Panini Sarkar,Sales,Sri Ganganagar,2021-11-19
442,Pratyush Gade,HR,Patiala,2024-03-10
443,Hamsini Pal,Sales,Karnal,2024-07-26
444,Sanaya Merchant,Sales,Firozabad,2025-04-02
445,Shaurya Wagle,Customer Support,Hindupur,2022-04-25
446,Hardik Sarma,Operations,Panvel,2024-06-12
447,Farhan Sura,HR,Bally,2022-03-08
448,Jeevika Gulati,Finance,Surendranagar Dudhrej,2025-07-08
449,Ekaja Zachariah,Finance,Karimnagar,2022-12-13
450,Xiti Bajwa,Operations,Jabalpur,2021-11-27
451,Alka Chander,Finance,Hyderabad,2024-03-29
452,Nathan Mukherjee,Sales,Thane,2025-07-19
453,Meghana Venkataraman,HR,Gaya,2025-04-16
454,Zehaan Om,Customer Support,Raichur,2024-03-10
455,Sai Sinha,Operations,Hyderabad,2024-08-06
456,Aadhya Ratta,Sales,Bokaro,2025-01-11
457,Ati Bains,Marketing,Aurangabad,2025-11-27
458,Robert Prabhu,IT,Begusarai,2024-07-06
459,Meghana Batra,Sales,Muzaffarnagar,2022-11-18
460,Edhitha Raju,Finance,Khammam,2022-04-24
461,Keya Mani,Operations,Bokaro,2024-06-14
462,Bhavya Dada,Sales,Mango,2023-11-06
463,Ekalinga Parikh,IT,Bhavnagar,2022-09-22
464,Rayaan Chahal,Sales,Kulti,2022-04-20
465,Dalaja Narang,Operations,Bidar,2024-03-16
466,Warjas Vasa,IT,Mangalore,2022-05-11
467,Madhavi Konda,Sales,Bokaro,2022-11-21
468,Samesh Ramakrishnan,Finance,Ajmer,2026-05-26
469,Anika Dhar,Marketing,Jaunpur,2024-08-11
470,Damyanti Samra,IT,Kadapa,2026-02-09
471,Oviya Srinivas,Finance,Kota,2021-07-10
472,Gauri Sunder,IT,Pondicherry,2022-08-18
473,Amruta Sur,Finance,Tiruppur,2023-06-26
474,Tanveer Chauhan,Sales,Begusarai,2024-11-18
475,Sara Madan,Sales,Purnia,2022-06-26
476,Jason Solanki,IT,Khora,2023-01-11
477,Ayushman Narula,Marketing,Agartala,2024-11-11
478,Hemang Patil,Customer Support,Ramagundam,2021-08-15
479,Yatin Tank,Operations,Mango,2023-06-06
480,Odika Parmer,IT,Eluru,2021-11-15
481,Bhavani Ratti,IT,Amroha,2022-09-05
482,Raksha Dasgupta,Marketing,Kalyan-Dombivli,2024-08-22
483,Waida Sinha,Sales,Srikakulam,2024-06-17
484,Qasim Borde,Marketing,Hospet,2024-08-27
485,Fariq Kar,IT,Parbhani,2026-01-14
486,Elijah Hans,Sales,Katihar,2022-08-15
487,Idika Apte,Marketing,Singrauli,2024-02-24
488,Aryan Salvi,Customer Support,Varanasi,2022-06-21
489,Harshil Grover,Operations,Ahmednagar,2025-04-03
490,Pahal Bandi,HR,Raiganj,2024-03-30
491,Udant Dugar,Customer Support,Chandigarh,2022-06-28
492,Xalak Lala,Sales,Bhopal,2024-03-14
493,Samarth Chana,Operations,Bahraich,2021-11-05
494,Dominic Bains,HR,Uluberia,2022-07-03
495,Mitesh Ravel,Sales,Cuttack,2024-03-01
496,Ijaya Parekh,Customer Support,Raipur,2023-11-12
497,Nisha Dhar,Sales,Darbhanga,2025-10-09
498,Kala Singhal,Customer Support,Sonipat,2022-06-16
499,Ganga Dhar,Sales,Barasat,2024-02-01
500,Geetika Deshmukh,Customer Support,Parbhani,2025-04-04
